Id,Position,Name,FPPG,Played,Salary,Game,Team,Opponent,Injury Indicator,Injury Details,Lock
16073-12536,D,Kansas City Chiefs,11.125,16,5100,SD@KC,KC,SD,,,0
16073-12546,D,Arizona Cardinals,10.5,16,5000,NE@ARI,ARI,NE,,,0
16073-12550,D,Seattle Seahawks,10.3125,16,5000,MIA@SEA,SEA,MIA,,,0
16073-12556,D,Houston Texans,9.4375,16,4900,CHI@HOU,HOU,CHI,,,0
16073-12545,D,Philadelphia Eagles,8.25,16,4800,CLE@PHI,PHI,CLE,,,0
16073-12547,D,Pittsburgh Steelers,9.3125,16,4600,PIT@WAS,PIT,WAS,,,0
16073-12540,D,Minnesota Vikings,8.8125,16,4600,MIN@TEN,MIN,TEN,,,0
16073-12528,D,Cincinnati Bengals,8.75,16,4600,CIN@NYJ,CIN,NYJ,,,0
16073-12544,D,New York Jets,7.3125,16,4500,CIN@NYJ,NYJ,CIN,,,0
16073-12526,D,Buffalo Bills,6.125,16,4500,BUF@BAL,BUF,BAL,,,0
16073-12538,D,Los Angeles Rams,8.6875,16,4500,LA@SF,LA,SF,,,0
16073-12549,D,San Francisco 49ers,4.5,16,4400,LA@SF,SF,LA,,,0
16073-12541,D,New England Patriots,8.4375,16,4400,NE@ARI,NE,ARI,,,0
16073-12543,D,New York Giants,7.375,16,4400,NYG@DAL,NYG,DAL,,,0
16073-12535,D,Indianapolis Colts,7.625,16,4400,DET@IND,IND,DET,,,0
16073-12530,D,Dallas Cowboys,5.25,16,4400,NYG@DAL,DAL,NYG,,,0
16073-12555,D,Baltimore Ravens,6.4375,16,4300,BUF@BAL,BAL,BUF,,,0
16073-12527,D,Chicago Bears,5.0625,16,4300,CHI@HOU,CHI,HOU,,,0
16073-12537,D,Oakland Raiders,7,16,4300,OAK@NO,OAK,NO,,,0
16073-12533,D,Green Bay Packers,7.5625,16,4300,GB@JAC,GB,JAC,,,0
16073-12532,D,Detroit Lions,6.0625,16,4300,DET@IND,DET,IND,,,0
16073-12551,D,Tampa Bay Buccaneers,6.625,16,4200,TB@ATL,TB,ATL,,,0
16073-12552,D,Washington Redskins,8.3125,16,4200,PIT@WAS,WAS,PIT,,,0
16073-12525,D,Atlanta Falcons,5.8125,16,4200,TB@ATL,ATL,TB,,,0
16073-12539,D,Miami Dolphins,6,16,4200,MIA@SEA,MIA,SEA,,,0
16073-12548,D,San Diego Chargers,5.1875,16,4100,SD@KC,SD,KC,,,0
16073-12554,D,Jacksonville Jaguars,6.1875,16,4100,GB@JAC,JAC,GB,,,0
16073-12534,D,Tennessee Titans,5.625,16,4100,MIN@TEN,TEN,MIN,,,0
16073-12542,D,New Orleans Saints,5.125,16,4000,OAK@NO,NO,OAK,,,0
16073-12529,D,Cleveland Browns,5.4375,16,4000,CLE@PHI,CLE,PHI,,,0
16073-7900,K,Stephen Gostkowski,10.6875,16,5000,NE@ARI,NE,ARI,,,0
16073-24569,K,Chandler Catanzaro,8.9375,16,4900,NE@ARI,ARI,NE,,,0
16073-23045,K,Justin Tucker,9.125,16,4900,BUF@BAL,BAL,BUF,,,0
16073-14952,K,Dan Bailey,8.1875,16,4800,NYG@DAL,DAL,NYG,,,0
16073-33714,K,Cairo Santos,9.132499695,16,4800,SD@KC,KC,SD,,,0
16073-6668,K,Adam Vinatieri,7.6875,16,4800,DET@IND,IND,DET,,,0
16073-6724,K,Steven Hauschka,9.125,16,4800,MIA@SEA,SEA,MIA,,,0
16073-30261,K,Caleb Sturgis,7.461538462,13,4700,CLE@PHI,PHI,CLE,,,0
16073-6897,K,Mason Crosby,8.266666667,15,4700,GB@JAC,GB,JAC,,,0
16073-22110,K,Blair Walsh,9.5625,16,4700,MIN@TEN,MIN,TEN,,,0
16073-6636,K,Mike Nugent,8.1875,16,4600,CIN@NYJ,CIN,NYJ,,,0
16073-15176,K,Kai Forbath,6.454545455,11,4600,OAK@NO,NO,OAK,,,0
16073-6427,K,Connor Barth,8.583333333,12,4600,CHI@HOU,CHI,HOU,,,0
16073-32058,K,Chris Boswell,10.5,12,4600,PIT@WAS,PIT,WAS,,,0
16073-6810,K,Dan Carpenter,7.25,16,4600,BUF@BAL,BUF,BAL,,,0
16073-6702,K,Phil Dawson,6.5,16,4600,LA@SF,SF,LA,,,0
16073-6782,K,Matt Prater,7.375,16,4600,DET@IND,DET,IND,,,0
16073-7831,K,Sebastian Janikowski,7.125,16,4600,OAK@NO,OAK,NO,,,0
16073-6642,K,Nick Folk,9.285714286,7,4500,CIN@NYJ,NYJ,CIN,,,0
16073-70496,K,Aldrick Rosas,0,0,4500,MIN@TEN,TEN,MIN,,,0
16073-30417,K,Marshall Morgan,0,0,4500,BUF@BAL,BUF,BAL,,,0
16073-32429,K,Josh Lambo,7.8125,16,4500,SD@KC,SD,KC,,,0
16073-62634,K,Tom Obarski,0,0,4500,NYG@DAL,NYG,DAL,,,0
16073-62619,K,Andrew Franks,4.875,16,4500,MIA@SEA,MIA,SEA,,,0
16073-60745,K,Jason Myers,7.625,16,4500,GB@JAC,JAC,GB,,,0
16073-29994,K,Travis Coons,7.0625,16,4500,CLE@PHI,CLE,PHI,,,0
16073-10647,K,Matt Bryant,7.4,10,4500,TB@ATL,ATL,TB,,,0
16073-6910,K,Robbie Gould,9.866666667,15,4500,CHI@HOU,CHI,HOU,,,0
16073-6880,K,Shaun Suisham,0,0,4500,PIT@WAS,PIT,WAS,,,0
16073-22109,K,Greg Zuerlein,6.928571429,14,4500,LA@SF,LA,SF,,,0
16073-6767,K,Ryan Succop,5.714285714,14,4500,MIN@TEN,TEN,MIN,,,0
16073-31280,K,Cody Parkey,5.666666667,3,4500,CLE@PHI,PHI,CLE,,,0
16073-12090,K,Nick Novak,7,13,4500,CHI@HOU,HOU,CHI,,,0
16073-22765,K,Giorgio Tavecchio,0,0,4500,OAK@NO,OAK,NO,,,0
16073-52130,K,Patrick Murray,0,0,4500,CLE@PHI,CLE,PHI,,,0
16073-31109,K,Zach Hocker,5.625,8,4500,CIN@NYJ,CIN,NYJ,,,0
16073-24912,K,Dustin Hopkins,8.333333333,15,4500,PIT@WAS,WAS,PIT,,,0
16073-24882,K,Roberto Aguayo,0,0,4500,TB@ATL,TB,ATL,,,0
16073-28515,QB,Cardale Jones,0,0,5000,BUF@BAL,BUF,BAL,Q,Shoulder,0
16073-6894,QB,Aaron Rodgers,19.32749939,16,9000,GB@JAC,GB,JAC,,,0
16073-21939,QB,Andrew Luck,20.40571376,7,8700,DET@IND,IND,DET,,,0
16073-6504,QB,Drew Brees,21.01333415,15,8700,OAK@NO,NO,OAK,,,0
16073-22015,QB,Russell Wilson,21.51625061,16,8500,MIA@SEA,SEA,MIA,,,0
16073-6589,QB,Ben Roethlisberger,20.34333293,12,8500,PIT@WAS,PIT,WAS,,,0
16073-34308,QB,Blake Bortles,20.88249969,16,8400,GB@JAC,JAC,GB,,,0
16073-6748,QB,Carson Palmer,20.01499939,16,7900,NE@ARI,ARI,NE,,,0
16073-22038,QB,Kirk Cousins,19.02750015,16,7800,PIT@WAS,WAS,PIT,,,0
16073-45859,QB,Derek Carr,17.76749992,16,7700,OAK@NO,OAK,NO,,,0
16073-14225,QB,Andy Dalton,19.32307669,13,7700,CIN@NYJ,CIN,NYJ,,,0
16073-6616,QB,Matt Ryan,15.62125015,16,7600,TB@ATL,ATL,TB,,,0
16073-29358,QB,Marcus Mariota,18.37666702,12,7500,MIN@TEN,TEN,MIN,,,0
16073-24849,QB,Jameis Winston,18.12375069,16,7500,TB@ATL,TB,ATL,,,0
16073-6654,QB,Matthew Stafford,18.95499992,16,7400,DET@IND,DET,IND,,,0
16073-7659,QB,Ryan Fitzpatrick,18.76250076,16,7300,CIN@NYJ,NYJ,CIN,,,0
16073-7968,QB,Philip Rivers,18.59250069,16,7300,SD@KC,SD,KC,,,0
16073-6826,QB,Eli Manning,18.83625031,16,7200,NYG@DAL,NYG,DAL,,,0
16073-14377,QB,Tyrod Taylor,19.79285758,14,7200,BUF@BAL,BUF,BAL,,,0
16073-21994,QB,Brock Osweiler,15.34749985,8,7100,CHI@HOU,HOU,CHI,,,0
16073-6714,QB,Joe Flacco,17.39400024,10,7000,BUF@BAL,BAL,BUF,,,0
16073-8005,QB,Alex Smith,17.38999939,16,7000,SD@KC,KC,SD,,,0
16073-21941,QB,Robert Griffin III,0,0,6900,CLE@PHI,CLE,PHI,,,0
16073-54604,QB,Jimmy Garoppolo,-0.064999998,4,6900,NE@ARI,NE,ARI,,,0
16073-6803,QB,Josh McCown,17.02000046,8,6900,CLE@PHI,CLE,PHI,,,0
16073-11414,QB,Sam Bradford,14.92142814,14,6900,MIN@TEN,MIN,TEN,,,0
16073-38435,QB,Jared Goff,0,0,6800,LA@SF,LA,SF,,,0
16073-6898,QB,Jay Cutler,15.83066711,15,6700,CHI@HOU,CHI,HOU,,,0
16073-14231,QB,Colin Kaepernick,12.79999966,9,6500,LA@SF,SF,LA,,,0
16073-21948,QB,Ryan Tannehill,16.86375046,16,6400,MIA@SEA,MIA,SEA,,,0
16073-26483,QB,Geno Smith,21,1,6400,CIN@NYJ,NYJ,CIN,,,0
16073-14194,QB,Blaine Gabbert,17.09250069,8,6200,LA@SF,SF,LA,,,0
16073-21959,QB,Brandon Weeden,11.40333303,6,6000,CHI@HOU,HOU,CHI,,,0
16073-6679,QB,Matt Schaub,15.30000019,2,6000,TB@ATL,ATL,TB,,,0
16073-22027,QB,Nick Foles,9.64363653,11,6000,SD@KC,KC,SD,,,0
16073-14267,QB,Ryan Mallett,10.99142892,7,6000,BUF@BAL,BAL,BUF,,,0
16073-22994,QB,Case Keenum,8.923999786,5,6000,LA@SF,LA,SF,,,0
16073-31421,QB,Zach Mettenberger,7.028571538,7,6000,PIT@WAS,PIT,WAS,,,0
16073-7872,QB,Brian Hoyer,15.78545449,11,6000,CHI@HOU,CHI,HOU,,,0
16073-7744,QB,Drew Stanton,0.143333336,6,6000,NE@ARI,ARI,NE,,,0
16073-7778,QB,Matt Cassel,9.229999542,8,6000,MIN@TEN,TEN,MIN,,,0
16073-31047,QB,AJ McCarron,8.17999976,7,5900,CIN@NYJ,CIN,NYJ,,,0
16073-30364,QB,Aaron Murray,0,0,5500,NE@ARI,ARI,NE,,,0
16073-6808,QB,Matt Moore,0.360000014,1,5500,MIA@SEA,MIA,SEA,,,0
16073-27405,QB,Landry Jones,3.717142923,7,5500,PIT@WAS,PIT,WAS,,,0
16073-25410,QB,Mike Glennon,0,0,5500,TB@ATL,TB,ATL,,,0
16073-11500,QB,Colt McCoy,8.819999695,1,5500,PIT@WAS,WAS,PIT,,,0
16073-7844,QB,Chad Henne,0,0,5500,GB@JAC,JAC,GB,,,0
16073-24949,QB,EJ Manuel,10.46000004,4,5500,BUF@BAL,BUF,BAL,,,0
16073-28677,QB,Matt McGloin,5.340000153,2,5500,OAK@NO,OAK,NO,,,0
16073-8803,QB,Chase Daniel,-0.02,2,5000,CLE@PHI,PHI,CLE,,,0
16073-30610,QB,Dylan Thompson,0,0,5000,LA@SF,LA,SF,,,0
16073-32514,QB,Trevone Boykin,0,0,5000,MIA@SEA,SEA,MIA,,,0
16073-70446,QB,Joe Callahan,0,0,5000,GB@JAC,GB,JAC,,,0
16073-28163,QB,Connor Cook,0,0,5000,OAK@NO,OAK,NO,,,0
16073-70464,QB,Josh Woodrum,0,0,5000,DET@IND,IND,DET,,,0
16073-47772,QB,Brandon Doughty,0,0,5000,MIA@SEA,MIA,SEA,,,0
16073-43956,QB,David Fales,0,0,5000,BUF@BAL,BAL,BUF,,,0
16073-26355,QB,Logan Thomas,0,0,5000,NYG@DAL,NYG,DAL,,,0
16073-41732,QB,Christian Hackenberg,0,0,5000,CIN@NYJ,NYJ,CIN,,,0
16073-45797,QB,Garrett Grayson,0,1,5000,OAK@NO,NO,OAK,,,0
16073-26141,QB,Ryan Nassib,6.71999979,1,5000,NYG@DAL,NYG,DAL,,,0
16073-54705,QB,Dustin Vaughan,0,0,5000,PIT@WAS,PIT,WAS,,,0
16073-32366,QB,Jameill Showers,0,0,5000,NYG@DAL,DAL,NYG,,,0
16073-30231,QB,Jacoby Brissett,0,0,5000,NE@ARI,NE,ARI,,,0
16073-30253,QB,Jeff Driskel,0,0,5000,CIN@NYJ,CIN,NYJ,,,0
16073-70324,QB,Carson Wentz,0,0,5000,CLE@PHI,PHI,CLE,,,0
16073-25812,QB,Stephen Morris,0,0,5000,DET@IND,IND,DET,,,0
16073-39454,QB,Zac Dysert,0,0,5000,NE@ARI,ARI,NE,,,0
16073-14696,QB,Scott Tolzien,-0.07,2,5000,DET@IND,IND,DET,,,0
16073-27801,QB,Nate Sudfeld,0,0,5000,PIT@WAS,WAS,PIT,,,0
16073-33702,QB,Ryan Griffin,0,0,5000,TB@ATL,TB,ATL,,,0
16073-70127,QB,Griffin Neal,0,0,5000,OAK@NO,NO,OAK,,,0
16073-14570,QB,Jerrod Johnson,0,0,5000,NYG@DAL,DAL,NYG,,,0
16073-6844,QB,Shaun Hill,0.033333334,3,5000,MIN@TEN,MIN,TEN,,,0
16073-27982,QB,Jake Rudock,0,0,5000,DET@IND,DET,IND,,,0
16073-29915,QB,Brett Hundley,0,0,5000,GB@JAC,GB,JAC,,,0
16073-29715,QB,Kevin Hogan,0,0,5000,CLE@PHI,CLE,PHI,,,0
16073-25969,QB,Tom Savage,0,0,5000,CHI@HOU,HOU,CHI,,,0
16073-22820,QB,Matt Simms,0,0,5000,TB@ATL,ATL,TB,,,0
16073-29684,QB,Max Wittek,0,0,5000,GB@JAC,JAC,GB,,,0
16073-29587,QB,Cody Kessler,0,0,5000,CLE@PHI,CLE,PHI,,,0
16073-25217,QB,Marquise Williams,0,0,5000,GB@JAC,GB,JAC,,,0
16073-29605,QB,Matt Barkley,0,0,5000,CHI@HOU,CHI,HOU,,,0
16073-31716,QB,Dak Prescott,0,0,5000,NYG@DAL,DAL,NYG,,,0
16073-29445,QB,Sean Mannion,1.24000001,1,5000,LA@SF,LA,SF,,,0
16073-29171,QB,Mike Bercovici,0,0,5000,SD@KC,SD,KC,,,0
16073-8071,QB,Dan Orlovsky,5.519999981,2,5000,DET@IND,DET,IND,,,0
16073-44500,QB,Keith Wenning,0,0,5000,CIN@NYJ,CIN,NYJ,,,0
16073-24760,QB,Sean Renfree,-0.479999989,2,5000,TB@ATL,ATL,TB,,,0
16073-8023,QB,Josh Johnson,0,0,5000,NYG@DAL,NYG,DAL,,,0
16073-26877,QB,Jake Heaps,0,0,5000,MIA@SEA,SEA,MIA,,,0
16073-31170,QB,Brandon Allen,0,0,5000,GB@JAC,JAC,GB,,,0
16073-8051,QB,Luke McCown,6.199999809,2,5000,OAK@NO,NO,OAK,,,0
16073-30788,QB,Tyler Bray,0,0,5000,SD@KC,KC,SD,,,0
16073-7919,QB,Kellen Clemens,3.210000038,2,5000,SD@KC,SD,KC,,,0
16073-28856,QB,Joel Stave,0,0,5000,MIN@TEN,MIN,TEN,,,0
16073-11599,QB,Dan LeFevour,0,0,5000,TB@ATL,TB,ATL,,,0
16073-24835,QB,Jake Coker,0,0,5000,NE@ARI,ARI,NE,,,0
16073-34459,QB,B.J. Daniels,0.920000017,4,5000,CHI@HOU,CHI,HOU,,,0
16073-11864,RB,Chris Ivory,12.51333313,15,6100,GB@JAC,JAC,GB,Q,Calf,0
16073-54608,RB,Jerick McKinnon,4.556250095,16,5200,MIN@TEN,MIN,TEN,Q,Foot,0
16073-29723,RB,Stepfan Taylor,1.116666635,6,4700,NE@ARI,ARI,NE,Q,Knee,0
16073-31184,RB,Jonathan Williams,0,0,4600,BUF@BAL,BUF,BAL,Q,Ribs,0
16073-21984,RB,Isaiah Pead,-1.700000048,1,4500,MIA@SEA,MIA,SEA,Q,Hamstring,0
16073-45562,RB,Paul Lasike,0,0,4500,CHI@HOU,CHI,HOU,Q,Wrist,0
16073-29540,RB,Terron Ward,2.729999924,10,4500,TB@ATL,ATL,TB,Q,Ankle,0
16073-44893,RB,Roosevelt Nix,0.866666635,3,4500,PIT@WAS,PIT,WAS,Q,Back,0
16073-30447,RB,Todd Gurley,15.22307645,13,8900,LA@SF,LA,SF,,,0
16073-62497,RB,David Johnson,12.36250019,16,8800,NE@ARI,ARI,NE,,,0
16073-6703,RB,Adrian Peterson,15.35624981,16,8200,MIN@TEN,MIN,TEN,,,0
16073-24920,RB,Devonta Freeman,18.65999959,15,8100,TB@ATL,ATL,TB,,,0
16073-38791,RB,Ezekiel Elliott,0,0,7900,NYG@DAL,DAL,NYG,,,0
16073-22037,RB,Lamar Miller,13.02499962,16,7600,CHI@HOU,HOU,CHI,,,0
16073-28095,RB,Thomas Rawls,10.25833321,12,7400,MIA@SEA,SEA,MIA,,,0
16073-14211,RB,Mark Ingram,14.86666616,12,7300,OAK@NO,NO,OAK,,,0
16073-21970,RB,Doug Martin,13.48750019,16,7200,TB@ATL,TB,ATL,,,0
16073-6732,RB,DeAngelo Williams,13.21249962,16,7100,PIT@WAS,PIT,WAS,,,0
16073-30968,RB,Eddie Lacy,8.706667074,15,7100,GB@JAC,GB,JAC,,,0
16073-6857,RB,Justin Forsett,10.69000015,10,6900,BUF@BAL,BAL,BUF,,,0
16073-6779,RB,LeSean McCoy,13.55833308,12,6900,BUF@BAL,BUF,BAL,,,0
16073-34331,RB,Latavius Murray,11.51875019,16,6600,OAK@NO,OAK,NO,,,0
16073-10777,RB,Arian Foster,16.5,4,6500,MIA@SEA,MIA,SEA,,,0
16073-6899,RB,Matt Forte,14.82307669,13,6500,CIN@NYJ,NYJ,CIN,,,0
16073-14254,RB,DeMarco Murray,10.82666626,15,6500,MIN@TEN,TEN,MIN,,,0
16073-31397,RB,Jeremy Hill,10.17500019,16,6500,CIN@NYJ,CIN,NYJ,,,0
16073-27229,RB,Ameer Abdullah,6.53125,16,6300,DET@IND,DET,IND,,,0
16073-28202,RB,Jeremy Langford,9.106667074,15,6200,CHI@HOU,CHI,HOU,,,0
16073-28473,RB,Carlos Hyde,10.82857186,7,6200,LA@SF,SF,LA,,,0
16073-6840,RB,Frank Gore,11.02499962,16,6200,DET@IND,IND,DET,,,0
16073-11425,RB,Ryan Mathews,8.807692308,13,6100,CLE@PHI,PHI,CLE,,,0
16073-31061,RB,T.J. Yeldon,11.49166616,12,6100,GB@JAC,JAC,GB,,,0
16073-6566,RB,Chris Johnson,9.472726995,11,6000,NE@ARI,ARI,NE,,,0
16073-30244,RB,Matt Jones,8.069230887,13,6000,PIT@WAS,WAS,PIT,,,0
16073-11779,RB,LeGarrette Blount,9.96666654,12,6000,NE@ARI,NE,ARI,,,0
16073-8052,RB,Rashad Jennings,9.399999619,16,6000,NYG@DAL,NYG,DAL,,,0
16073-9421,RB,Danny Woodhead,12.69375038,16,5800,SD@KC,SD,KC,,,0
16073-54684,RB,Isaiah Crowell,8.018750191,16,5700,CLE@PHI,CLE,PHI,,,0
16073-28900,RB,Melvin Gordon,6.557143075,14,5700,SD@KC,SD,KC,,,0
16073-25837,RB,Duke Johnson Jr.,8.362500191,16,5600,CLE@PHI,CLE,PHI,,,0
16073-25290,RB,Giovani Bernard,9.793749809,16,5600,CIN@NYJ,CIN,NYJ,,,0
16073-7972,RB,Darren Sproles,8.375,16,5600,CLE@PHI,PHI,CLE,,,0
16073-11609,RB,James Starks,9.050000191,16,5600,GB@JAC,GB,JAC,,,0
16073-14320,RB,Bilal Powell,10.14545441,11,5500,CIN@NYJ,NYJ,CIN,,,0
16073-39280,RB,Derrick Henry,0,0,5400,MIN@TEN,TEN,MIN,,,0
16073-22113,RB,Alfred Morris,5.724999905,16,5400,NYG@DAL,DAL,NYG,,,0
16073-29645,RB,Javorius Allen,7.699999809,16,5400,BUF@BAL,BAL,BUF,,,0
16073-31459,RB,Spencer Ware,8.866667006,9,5400,SD@KC,KC,SD,,,0
16073-14245,RB,Shane Vereen,8.056249619,16,5300,NYG@DAL,NYG,DAL,,,0
16073-31406,RB,Alfred Blue,7.442856925,14,5300,CHI@HOU,HOU,CHI,,,0
16073-27776,RB,Tevin Coleman,3.46666654,12,5200,TB@ATL,ATL,TB,,,0
16073-6828,RB,Tim Hightower,13.40000025,6,5200,OAK@NO,NO,OAK,,,0
16073-28088,RB,Denard Robinson,4.791666667,12,5200,GB@JAC,JAC,GB,,,0
16073-54687,RB,Charcandrick West,9.446154081,13,5100,SD@KC,KC,SD,,,0
16073-39900,RB,Khiry Robinson,7.75,8,5100,CIN@NYJ,NYJ,CIN,,,0
16073-33465,RB,Theo Riddick,8.6875,16,5100,DET@IND,DET,IND,,,0
16073-22258,RB,Travaris Cadet,6.116666794,6,5000,OAK@NO,NO,OAK,,,0
16073-30237,RB,Mike Gillislee,9.719999695,5,4900,BUF@BAL,BUF,BAL,,,0
16073-62616,RB,Zach Zenner,2.025000095,4,4900,DET@IND,DET,IND,,,0
16073-39649,RB,Benny Cunningham,3.466666667,15,4900,LA@SF,LA,SF,,,0
16073-33472,RB,C.J. Prosise,0,0,4900,MIA@SEA,SEA,MIA,,,0
16073-22048,RB,Robert Turbin,3.170000076,10,4900,DET@IND,IND,DET,,,0
16073-22898,RB,Brandon Bolden,5.472727342,11,4900,NE@ARI,NE,ARI,,,0
16073-11419,RB,C.J. Spiller,4.930769113,13,4900,OAK@NO,NO,OAK,,,0
16073-30989,RB,Kenyan Drake,0,0,4900,MIA@SEA,MIA,SEA,,,0
16073-28930,RB,James White,8.549999873,12,4900,NE@ARI,NE,ARI,,,0
16073-42142,RB,Jordan Howard,0,0,4900,CHI@HOU,CHI,HOU,,,0
16073-24891,RB,Chris Thompson,5.77692296,13,4900,PIT@WAS,WAS,PIT,,,0
16073-47828,RB,Antonio Andrews,7.252857208,14,4800,MIN@TEN,TEN,MIN,,,0
16073-15006,RB,Shaun Draughn,5.854545593,11,4800,LA@SF,SF,LA,,,0
16073-32418,RB,Christine Michael,3.424999952,8,4800,MIA@SEA,SEA,MIA,,,0
16073-14757,RB,Matt Asiata,2.260000102,15,4800,MIN@TEN,MIN,TEN,,,0
16073-14643,RB,DuJuan Harris,7.775000095,4,4800,LA@SF,SF,LA,,,0
16073-6660,RB,Donald Brown,6.950000127,6,4800,NE@ARI,NE,ARI,,,0
16073-14369,RB,Jordan Todman,0.550000012,4,4800,DET@IND,IND,DET,,,0
16073-24682,RB,Andre Ellington,6.719999695,10,4800,NE@ARI,ARI,NE,,,0
16073-29003,RB,Ka'Deem Carey,4.412499905,8,4800,CHI@HOU,CHI,HOU,,,0
16073-32613,RB,DeAndre Washington,0,0,4700,OAK@NO,OAK,NO,,,0
16073-54607,RB,Terrance West,2.900000095,8,4700,BUF@BAL,BAL,BUF,,,0
16073-25694,RB,Andre Williams,2.181250095,16,4700,SD@KC,SD,KC,,,0
16073-31871,RB,Charles Sims,9.65625,16,4700,TB@ATL,TB,ATL,,,0
16073-14336,RB,Jacquizz Rodgers,1.119999981,5,4700,CHI@HOU,CHI,HOU,,,0
16073-39455,RB,Kerwynn Williams,3.46666654,6,4600,NE@ARI,ARI,NE,,,0
16073-22292,RB,Lance Dunbar,9.675000191,4,4600,NYG@DAL,DAL,NYG,,,0
16073-28030,RB,Fitzgerald Toussaint,2.066666603,3,4600,PIT@WAS,PIT,WAS,,,0
16073-22958,RB,Bobby Rainey,0.19333334,15,4600,NYG@DAL,NYG,DAL,,,0
16073-14268,RB,Stevan Ridley,1.350000024,8,4600,DET@IND,IND,DET,,,0
16073-14305,RB,Roy Helu Jr.,2.737499952,8,4600,OAK@NO,OAK,NO,,,0
16073-27441,RB,Damien Williams,2.471428462,14,4600,MIA@SEA,MIA,SEA,,,0
16073-29357,RB,Kenjon Barner,2.850000064,6,4600,CLE@PHI,PHI,CLE,,,0
16073-40843,RB,Alex Collins,0,0,4600,MIA@SEA,SEA,MIA,,,0
16073-28815,RB,Akeem Hunt,2.357142857,7,4600,CHI@HOU,HOU,CHI,,,0
16073-70438,RB,Cedric O'Neal,0,0,4500,CLE@PHI,PHI,CLE,,,0
16073-30635,RB,Mike Davis,2.620000076,5,4500,LA@SF,SF,LA,,,0
16073-21940,RB,Trent Richardson,0,0,4500,BUF@BAL,BAL,BUF,,,0
16073-30684,RB,Brandon Wilds,0,0,4500,TB@ATL,ATL,TB,,,0
16073-54437,RB,Mandel Dixon,0,0,4500,PIT@WAS,PIT,WAS,,,0
16073-6653,RB,Jerome Felton,0.474999994,4,4500,BUF@BAL,BUF,BAL,,,0
16073-70484,RB,Brandon Brown-Dukes,0,0,4500,PIT@WAS,PIT,WAS,,,0
16073-43961,RB,Tyler Ervin,0,0,4500,CHI@HOU,HOU,CHI,,,0
16073-70501,RB,C.J. Ham,0,0,4500,MIN@TEN,MIN,TEN,,,0
16073-28249,RB,David Cobb,2.985714231,7,4500,PIT@WAS,PIT,WAS,,,0
16073-15178,RB,Chase Reynolds,0,2,4500,LA@SF,LA,SF,,,0
16073-12872,RB,James Develin,0,0,4500,NE@ARI,NE,ARI,,,0
16073-32410,RB,Trey Williams,1.200000048,1,4500,DET@IND,IND,DET,,,0
16073-54651,RB,Dominique Williams,0,0,4500,CIN@NYJ,NYJ,CIN,,,0
16073-46001,RB,Joey Iosefa,2.549999952,2,4500,NE@ARI,NE,ARI,,,0
16073-30307,RB,Mack Brown,0,0,4500,PIT@WAS,WAS,PIT,,,0
16073-62631,RB,Gus Johnson,0,0,4500,TB@ATL,ATL,TB,,,0
16073-33571,RB,George Atkinson III,0,0,4500,CLE@PHI,CLE,PHI,,,0
16073-27692,RB,Josh Ferguson,0,0,4500,DET@IND,IND,DET,,,0
16073-25783,RB,Mike James,0,0,4500,TB@ATL,TB,ATL,,,0
16073-43504,RB,Don Jackson,0,0,4500,GB@JAC,GB,JAC,,,0
16073-29991,RB,Bishop Sankey,4.183333397,12,4500,NE@ARI,NE,ARI,,,0
16073-39428,RB,Kyle Juszczyk,4.806250095,16,4500,BUF@BAL,BAL,BUF,,,0
16073-32185,RB,Zach Line,2.863636364,11,4500,MIN@TEN,MIN,TEN,,,0
16073-33691,RB,Orleans Darkwa,2.877777735,9,4500,NYG@DAL,NYG,DAL,,,0
16073-25654,RB,Tommy Bohanon,1.560000038,5,4500,CIN@NYJ,NYJ,CIN,,,0
16073-14683,RB,Patrick DiMarco,2.95,10,4500,TB@ATL,ATL,TB,,,0
16073-39512,RB,Kendall Gaskins,3.674999952,4,4500,LA@SF,SF,LA,,,0
16073-33766,RB,Rob Kelley,0,0,4500,PIT@WAS,WAS,PIT,,,0
16073-33320,RB,Senorise Perry,0,0,4500,CHI@HOU,CHI,HOU,,,0
16073-29866,RB,Paul Perkins,0,0,4500,NYG@DAL,NYG,DAL,,,0
16073-26076,RB,Sam Bergen,0,0,4500,MIN@TEN,TEN,MIN,,,0
16073-26057,RB,Michael Burton,1.637500048,8,4500,DET@IND,DET,IND,,,0
16073-22188,RB,Daryl Richardson,0,0,4500,PIT@WAS,PIT,WAS,,,0
16073-28021,RB,Sione Houma,0,0,4500,OAK@NO,NO,OAK,,,0
16073-14406,RB,Bruce Miller,2.589999962,10,4500,LA@SF,SF,LA,,,0
16073-31874,RB,Kenneth Farrow,0,0,4500,SD@KC,SD,KC,,,0
16073-22130,RB,Daniel Herron,1.900000042,9,4500,BUF@BAL,BUF,BAL,,,0
16073-22029,RB,Bernard Pierce,0.824999988,4,4500,CIN@NYJ,NYJ,CIN,,,0
16073-29805,RB,Ryan Hewitt,1.544444402,9,4500,CIN@NYJ,CIN,NYJ,,,0
16073-29768,RB,Patrick Skov,0,0,4500,CLE@PHI,CLE,PHI,,,0
16073-64104,RB,Terrell Watson,0,0,4500,CLE@PHI,CLE,PHI,,,0
16073-27199,RB,Marcus Murphy,0.307692308,13,4500,OAK@NO,NO,OAK,,,0
16073-31703,RB,Malcolm Johnson,0.7,5,4500,CLE@PHI,CLE,PHI,,,0
16073-14266,RB,Daniel Thomas,0,0,4500,MIA@SEA,MIA,SEA,,,0
16073-27338,RB,Rex Burkhead,1.566666603,12,4500,CIN@NYJ,CIN,NYJ,,,0
16073-34275,RB,Storm Johnson,0,0,4500,TB@ATL,TB,ATL,,,0
16073-22991,RB,Jonathan Grimes,5.576923077,13,4500,CHI@HOU,HOU,CHI,,,0
16073-14319,RB,Taiwan Jones,2.125,12,4500,OAK@NO,OAK,NO,,,0
16073-38260,RB,Kelvin Taylor,0,0,4500,LA@SF,SF,LA,,,0
16073-31321,RB,Jay Prosch,0.824999988,4,4500,CHI@HOU,HOU,CHI,,,0
16073-29404,RB,Byron Marshall,0,0,4500,CLE@PHI,PHI,CLE,,,0
16073-44784,RB,Darius Jackson,0,0,4500,NYG@DAL,DAL,NYG,,,0
16073-44791,RB,Bronson Hill,0,0,4500,GB@JAC,JAC,GB,,,0
16073-27411,RB,Aaron Ripkowski,1.149999976,2,4500,GB@JAC,GB,JAC,,,0
16073-31269,RB,Corey Grant,0.1,5,4500,GB@JAC,JAC,GB,,,0
16073-29304,RB,Daniel Lasco,0,0,4500,OAK@NO,NO,OAK,,,0
16073-22774,RB,Jonas Gray,4.100000109,7,4500,GB@JAC,JAC,GB,,,0
16073-31073,RB,Knile Davis,1.276923106,13,4500,SD@KC,KC,SD,,,0
16073-46088,RB,Jhurell Pressley,0,0,4500,GB@JAC,GB,JAC,,,0
16073-11454,RB,Dexter McCluster,6.92727245,11,4500,MIN@TEN,TEN,MIN,,,0
16073-38509,RB,Wendell Smallwood,0,0,4500,CLE@PHI,PHI,CLE,,,0
16073-38517,RB,Dreamius Smith,0,2,4500,SD@KC,SD,KC,,,0
16073-30990,RB,Jalston Fowler,2.525000095,8,4500,MIN@TEN,TEN,MIN,,,0
16073-26657,RB,Christian Powell,0,0,4500,PIT@WAS,PIT,WAS,,,0
16073-24679,RB,Zac Brooks,0,0,4500,MIA@SEA,SEA,MIA,,,0
16073-34729,RB,Dwayne Washington,0,0,4500,DET@IND,DET,IND,,,0
16073-23046,RB,Jamize Olawale,2.989999962,10,4500,OAK@NO,OAK,NO,,,0
16073-28890,RB,Derek Watt,0,0,4500,SD@KC,SD,KC,,,0
16073-40857,RB,Peyton Barber,0,0,4500,TB@ATL,TB,ATL,,,0
16073-28744,RB,Raheem Mostert,-0.25,8,4500,CIN@NYJ,NYJ,CIN,,,0
16073-27020,RB,Glenn Gronkowski,0,0,4500,BUF@BAL,BUF,BAL,,,0
16073-30910,RB,Zac Stacy,3.699999946,7,4500,CIN@NYJ,NYJ,CIN,,,0
16073-11460,TE,Rob Gronkowski,14.64000041,15,8700,NE@ARI,NE,ARI,Q,Hamstring,0
16073-11512,TE,Jimmy Graham,8.772727273,11,6100,MIA@SEA,SEA,MIA,Q,Knee,0
16073-25272,TE,Eric Ebron,7.657142639,14,5100,DET@IND,DET,IND,Q,Ankle,0
16073-11532,TE,Dennis Pitta,0,0,4900,BUF@BAL,BAL,BUF,Q,Finger,0
16073-28346,TE,Maxx Williams,4.066666603,12,4800,BUF@BAL,BAL,BUF,Q,Knee,0
16073-54694,TE,Justin Perillo,3.616666794,6,4600,GB@JAC,GB,JAC,Q,Knee,0
16073-30297,TE,Trey Burton,2.300000032,3,4500,CLE@PHI,PHI,CLE,Q,Calf,0
16073-14304,TE,Luke Stocker,2.075000048,8,4500,TB@ATL,TB,ATL,Q,Back,0
16073-30298,TE,Jordan Reed,14.33571407,14,7400,PIT@WAS,WAS,PIT,,,0
16073-6863,TE,Delanie Walker,13.15999959,15,6500,MIN@TEN,TEN,MIN,,,0
16073-33076,TE,Travis Kelce,9.59375,16,6400,SD@KC,KC,SD,,,0
16073-6422,TE,Gary Barnidge,12.36250019,16,6300,CLE@PHI,CLE,PHI,,,0
16073-7965,TE,Antonio Gates,11,11,6200,SD@KC,SD,KC,,,0
16073-14317,TE,Julius Thomas,8.208333333,12,5800,GB@JAC,JAC,GB,,,0
16073-29780,TE,Zach Ertz,8.853333537,15,5700,CLE@PHI,PHI,CLE,,,0
16073-22004,TE,Dwayne Allen,2.083333333,12,5500,DET@IND,IND,DET,,,0
16073-6641,TE,Jason Witten,7.862500191,16,5500,NYG@DAL,DAL,NYG,,,0
16073-21971,TE,Coby Fleener,6.406666565,15,5400,OAK@NO,NO,OAK,,,0
16073-16923,TE,Austin Seferian-Jenkins,9.757143293,7,5400,TB@ATL,TB,ATL,,,0
16073-14237,TE,Kyle Rudolph,6.5,16,5300,MIN@TEN,MIN,TEN,,,0
16073-8050,TE,Zach Miller,7.575000127,12,5300,CHI@HOU,CHI,HOU,,,0
16073-7761,TE,Jared Cook,4.224999905,16,5300,GB@JAC,GB,JAC,,,0
16073-24847,TE,Will Tye,6.415384733,13,5200,NYG@DAL,NYG,DAL,,,0
16073-6448,TE,Martellus Bennett,8.036363775,11,5100,NE@ARI,NE,ARI,,,0
16073-6664,TE,Jacob Tamme,6.746666463,15,5000,TB@ATL,ATL,TB,,,0
16073-14362,TE,Charles Clay,7.407692542,13,5000,BUF@BAL,BUF,BAL,,,0
16073-14292,TE,Jordan Cameron,4.631249905,16,5000,MIA@SEA,MIA,SEA,,,0
16073-45723,TE,Crockett Gillmore,8.169999695,10,4900,BUF@BAL,BAL,BUF,,,0
16073-26038,TE,Tyler Kroft,4.066666603,6,4900,CIN@NYJ,CIN,NYJ,,,0
16073-6742,TE,Brent Celek,5.941666921,12,4900,CLE@PHI,PHI,CLE,,,0
16073-21123,TE,Larry Donnell,6.099999905,8,4900,NYG@DAL,NYG,DAL,,,0
16073-32000,TE,Luke Willson,2.753846095,13,4800,MIA@SEA,SEA,MIA,,,0
16073-6870,TE,Vernon Davis,4.5,13,4800,PIT@WAS,WAS,PIT,,,0
16073-29314,TE,Richard Rodgers,8.193750381,16,4800,GB@JAC,GB,JAC,,,0
16073-32674,TE,Jace Amaro,0,0,4700,MIN@TEN,TEN,MIN,,,0
16073-32045,TE,Vance McDonald,4.685714177,14,4700,LA@SF,SF,LA,,,0
16073-25775,TE,Clive Walford,4.326666768,15,4700,OAK@NO,OAK,NO,,,0
16073-14355,TE,Niles Paul,0,0,4700,PIT@WAS,WAS,PIT,,,0
16073-34073,TE,Ryan Griffin,5.233333164,9,4700,CHI@HOU,HOU,CHI,,,0
16073-14240,TE,Lance Kendricks,3.5,14,4700,LA@SF,LA,SF,,,0
16073-38301,TE,Darren Fells,5.418181679,11,4700,NE@ARI,ARI,NE,,,0
16073-54782,TE,Cameron Brate,4.85833327,12,4600,TB@ATL,TB,ATL,,,0
16073-7001,TE,Kellen Davis,1.033333355,9,4600,CIN@NYJ,NYJ,CIN,,,0
16073-6672,TE,Marcedes Lewis,2.040000025,15,4600,GB@JAC,JAC,GB,,,0
16073-29725,TE,Levine Toilolo,1.099999958,9,4600,TB@ATL,ATL,TB,,,0
16073-28144,TE,Dion Sims,2.14166673,12,4600,MIA@SEA,MIA,SEA,,,0
16073-24817,TE,Nick O'Leary,1.399999936,3,4600,BUF@BAL,BUF,BAL,,,0
16073-30807,TE,Mychal Rivera,3.571428571,14,4600,OAK@NO,OAK,NO,,,0
16073-6567,TE,David Johnson,-0.174999997,4,4500,PIT@WAS,PIT,WAS,,,0
16073-30598,TE,Busta Anderson,0,0,4500,LA@SF,SF,LA,,,0
16073-47861,TE,Mitchell Henry,0,2,4500,GB@JAC,GB,JAC,,,0
16073-30654,TE,Jerell Adams,0,0,4500,NYG@DAL,NYG,DAL,,,0
16073-47870,TE,Tyler Higbee,0,0,4500,LA@SF,LA,SF,,,0
16073-70457,TE,Cole Wick,0,0,4500,DET@IND,DET,IND,,,0
16073-70456,TE,Adam Fuehne,0,0,4500,DET@IND,DET,IND,,,0
16073-39153,TE,Ifeanyi Momah,0,0,4500,NE@ARI,ARI,NE,,,0
16073-70489,TE,Ben Braunecker,0,0,4500,CHI@HOU,CHI,HOU,,,0
16073-30667,TE,Justice Cunningham,0,2,4500,LA@SF,LA,SF,,,0
16073-70506,TE,Ryan O'Malley,0,0,4500,OAK@NO,OAK,NO,,,0
16073-6597,TE,Craig Stevens,3.010000038,10,4500,MIN@TEN,TEN,MIN,,,0
16073-6595,TE,Matt Spaeth,0.666666667,3,4500,PIT@WAS,PIT,WAS,,,0
16073-28311,TE,MarQueis Gray,0.699999988,1,4500,MIA@SEA,MIA,SEA,,,0
16073-45809,TE,Kivon Cartwright,0,0,4500,TB@ATL,TB,ATL,,,0
16073-33218,TE,Bryce Williams,0,0,4500,LA@SF,LA,SF,,,0
16073-33270,TE,Gerald Christian,0,0,4500,BUF@BAL,BUF,BAL,,,0
16073-39305,TE,A.J. Derby,0,0,4500,NE@ARI,NE,ARI,,,0
16073-32309,TE,M.J. McFarland,0,0,4500,CLE@PHI,PHI,CLE,,,0
16073-32807,TE,Anthony Denham,0,0,4500,CHI@HOU,HOU,CHI,,,0
16073-28437,TE,Danny Vitale,0,0,4500,BUF@BAL,BUF,BAL,,,0
16073-39411,TE,Gavin Escobar,2.057142803,7,4500,NYG@DAL,DAL,NYG,,,0
16073-26411,TE,Ryan Malleck,0,0,4500,NYG@DAL,NYG,DAL,,,0
16073-70335,TE,Seth DeValve,0,0,4500,CLE@PHI,CLE,PHI,,,0
16073-28562,TE,Jake Stoneburner,6.400000254,3,4500,LA@SF,LA,SF,,,0
16073-32957,TE,Eric Tomlinson,0,0,4500,CHI@HOU,HOU,CHI,,,0
16073-72262,TE,Nick Truesdell,0,0,4500,DET@IND,IND,DET,,,0
16073-70342,TE,Temarrick Hemingway,0,0,4500,LA@SF,LA,SF,,,0
16073-70373,TE,Mike Miller,0,0,4500,DET@IND,IND,DET,,,0
16073-62633,TE,Matt Lengel,0,0,4500,CIN@NYJ,CIN,NYJ,,,0
16073-25751,TE,Chris Pantale,0,0,4500,CLE@PHI,PHI,CLE,,,0
16073-39615,TE,Brandon Williams,0,6,4500,MIA@SEA,SEA,MIA,,,0
16073-62617,TE,Khari Lee,0.300000012,4,4500,DET@IND,DET,IND,,,0
16073-25827,TE,Asante Cleveland,0.600000024,1,4500,SD@KC,SD,KC,,,0
16073-62668,TE,John Peters,0,0,4500,CIN@NYJ,CIN,NYJ,,,0
16073-39678,TE,E.J. Bibbs,0.600000024,2,4500,CLE@PHI,CLE,PHI,,,0
16073-62508,TE,James O'Shaughnessy,2.339999962,5,4500,SD@KC,KC,SD,,,0
16073-29956,TE,Joshua Perkins,0,0,4500,TB@ATL,ATL,TB,,,0
16073-39492,TE,Josh Hill,2.461538462,13,4500,OAK@NO,NO,OAK,,,0
16073-62534,TE,Brian Parker,0.550000012,2,4500,CIN@NYJ,NYJ,CIN,,,0
16073-39539,TE,Brian Leonhardt,0.899999976,1,4500,DET@IND,DET,IND,,,0
16073-22220,TE,Sean McGrath,0,0,4500,SD@KC,SD,KC,,,0
16073-27908,TE,C.J. Fiedorowicz,2.246153905,13,4500,CHI@HOU,HOU,CHI,,,0
16073-43260,TE,Darion Griswold,0,0,4500,DET@IND,IND,DET,,,0
16073-39859,TE,Jack Doyle,2.400000095,8,4500,DET@IND,IND,DET,,,0
16073-39689,TE,Zach Sudfeld,0,0,4500,CIN@NYJ,NYJ,CIN,,,0
16073-45472,TE,Garrett Griffin,0,0,4500,OAK@NO,NO,OAK,,,0
16073-33531,TE,Ben Koyack,0,0,4500,GB@JAC,JAC,GB,,,0
16073-28126,TE,Paul Lang,0,0,4500,PIT@WAS,PIT,WAS,,,0
16073-6778,TE,Anthony Fasano,3.850000109,14,4500,MIN@TEN,TEN,MIN,,,0
16073-33488,TE,Troy Niklas,4.324999809,4,4500,NE@ARI,ARI,NE,,,0
16073-22067,TE,Adrien Robinson,0,0,4500,CIN@NYJ,NYJ,CIN,,,0
16073-22065,TE,Rhett Ellison,2.172727238,11,4500,MIN@TEN,MIN,TEN,,,0
16073-14348,TE,Lee Smith,1.727272727,11,4500,OAK@NO,OAK,NO,,,0
16073-29592,TE,Xavier Grimble,0,0,4500,PIT@WAS,PIT,WAS,,,0
16073-40126,TE,Austin Hooper,0,0,4500,TB@ATL,ATL,TB,,,0
16073-29583,TE,Randall Telfer,0,0,4500,CLE@PHI,CLE,PHI,,,0
16073-22849,TE,Cory Harkey,0.849999984,6,4500,LA@SF,LA,SF,,,0
16073-46767,TE,Je'Ron Hamm,0,1,4500,LA@SF,SF,LA,,,0
16073-23023,TE,Cooper Helfet,2.785714286,7,4500,MIA@SEA,SEA,MIA,,,0
16073-14274,TE,Rob Housler,1.060000038,5,4500,CHI@HOU,CHI,HOU,,,0
16073-34224,TE,Kennard Backman,0,7,4500,GB@JAC,GB,JAC,,,0
16073-23003,TE,Phillip Supernaw,1.350000024,2,4500,MIN@TEN,TEN,MIN,,,0
16073-29477,TE,Connor Hamlett,0,0,4500,CLE@PHI,CLE,PHI,,,0
16073-27403,TE,Blake Bell,2.900000042,9,4500,LA@SF,SF,LA,,,0
16073-31435,TE,Nic Jacobs,0.366666675,3,4500,GB@JAC,JAC,GB,,,0
16073-29277,TE,Stephen Anderson,0,0,4500,CHI@HOU,HOU,CHI,,,0
16073-12055,TE,Logan Paulsen,0,0,4500,CHI@HOU,CHI,HOU,,,0
16073-22754,TE,Garrett Celek,4.609999847,10,4500,LA@SF,SF,LA,,,0
16073-25356,TE,Benson Browne,0,0,4500,LA@SF,LA,SF,,,0
16073-11431,TE,Jermaine Gresham,2.869230711,13,4500,NE@ARI,ARI,NE,,,0
16073-38523,TE,Geoff Swaim,0.5,1,4500,NYG@DAL,DAL,NYG,,,0
16073-11511,TE,Tony Moeaki,4.433333397,3,4500,CHI@HOU,CHI,HOU,,,0
16073-31207,TE,C.J. Uzomah,0.899999976,1,4500,CIN@NYJ,CIN,NYJ,,,0
16073-29025,TE,Michael Cooper,0,0,4500,PIT@WAS,PIT,WAS,,,0
16073-53796,TE,Braedon Bowman,0,0,4500,CIN@NYJ,NYJ,CIN,,,0
16073-48224,TE,Wes Saxton,0,1,4500,PIT@WAS,WAS,PIT,,,0
16073-11648,TE,Jim Dray,1.011111153,9,4500,BUF@BAL,BUF,BAL,,,0
16073-44177,TE,D.J. Tialavea,0,0,4500,TB@ATL,ATL,TB,,,0
16073-57556,TE,Jerome Cunningham,1.649999936,6,4500,MIN@TEN,TEN,MIN,,,0
16073-40913,TE,Thomas Duarte,0,0,4500,MIA@SEA,MIA,SEA,,,0
16073-23055,TE,Brandon Bostick,0,0,4500,CIN@NYJ,NYJ,CIN,,,0
16073-7918,TE,Matthew Mulligan,0.699999988,1,4500,DET@IND,DET,IND,,,0
16073-40845,TE,Hunter Henry,0,0,4500,SD@KC,SD,KC,,,0
16073-11543,TE,Clay Harbor,3.737499952,8,4500,NE@ARI,NE,ARI,,,0
16073-7801,TE,Brandon Myers,3.116666794,6,4500,TB@ATL,TB,ATL,,,0
16073-19342,TE,Demetrius Harris,2.816666603,6,4500,SD@KC,KC,SD,,,0
16073-48482,TE,David Morgan,0,0,4500,MIN@TEN,MIN,TEN,,,0
16073-28694,TE,Jesse James,3.520000076,5,4500,PIT@WAS,PIT,WAS,,,0
16073-11485,WR,Golden Tate,10.27499962,16,6900,DET@IND,DET,IND,Q,Ankle,0
16073-29500,WR,Markus Wheaton,8.056249619,16,6100,PIT@WAS,PIT,WAS,Q,Shoulder,0
16073-33260,WR,DeVante Parker,10.05000019,8,6000,MIA@SEA,MIA,SEA,Q,Hamstring,0
16073-38514,WR,Kevin White,0,0,6000,CHI@HOU,CHI,HOU,Q,Hamstring,0
16073-54623,WR,Jeff Janis,0.988888847,9,5200,GB@JAC,GB,JAC,Q,Hand,0
16073-28573,WR,Michael Thomas,0,0,4900,OAK@NO,NO,OAK,Q,Ankle,0
16073-32564,WR,Josh Doctson,0,0,4800,PIT@WAS,WAS,PIT,Q,Achilles,0
16073-39449,WR,Charles Johnson,2.866666794,6,4800,MIN@TEN,MIN,TEN,Q,Quadriceps,0
16073-14704,WR,Chris Hogan,5.812307505,13,4700,NE@ARI,NE,ARI,Q,Shoulder,0
16073-26598,WR,Nelson Spruce,0,0,4500,LA@SF,LA,SF,Q,Knee,0
16073-30428,WR,Malcolm Mitchell,0,0,4500,NE@ARI,NE,ARI,Q,Elbow,0
16073-22336,WR,Joshua Bellamy,4.390000153,10,4500,CHI@HOU,CHI,HOU,Q,Shoulder,0
16073-22959,WR,Deonte Thompson,1.51666673,6,4500,CHI@HOU,CHI,HOU,Q,Lower leg,0
16073-11612,WR,Antonio Brown,20.01250076,16,9300,PIT@WAS,PIT,WAS,,,0
16073-31360,WR,Odell Beckham Jr.,18.08666585,15,9100,NYG@DAL,NYG,DAL,,,0
16073-14190,WR,Julio Jones,19.19375038,16,9000,TB@ATL,ATL,TB,,,0
16073-28643,WR,Allen Robinson,16.5,16,8500,GB@JAC,JAC,GB,,,0
16073-6893,WR,Jordy Nelson,0,0,8400,GB@JAC,GB,JAC,,,0
16073-16606,WR,DeAndre Hopkins,17.22500038,16,8400,CHI@HOU,HOU,CHI,,,0
16073-14187,WR,A.J. Green,14.41874981,16,8200,CIN@NYJ,CIN,NYJ,,,0
16073-11435,WR,Dez Bryant,8.177777608,9,8000,NYG@DAL,DAL,NYG,,,0
16073-32384,WR,Mike Evans,11.57333374,15,7900,TB@ATL,TB,ATL,,,0
16073-6759,WR,Brandon Marshall,17.79375076,16,7700,CIN@NYJ,NYJ,CIN,,,0
16073-29501,WR,Brandin Cooks,13.22500038,16,7600,OAK@NO,NO,OAK,,,0
16073-21980,WR,Alshon Jeffery,14.63333299,9,7500,CHI@HOU,CHI,HOU,,,0
16073-29253,WR,Keenan Allen,16,8,7400,SD@KC,SD,KC,,,0
16073-24641,WR,Sammy Watkins,14.52307716,13,7300,BUF@BAL,BUF,BAL,,,0
16073-7859,WR,Julian Edelman,15.77777778,9,7300,NE@ARI,NE,ARI,,,0
16073-6883,WR,Larry Fitzgerald,14.125,16,7200,NE@ARI,ARI,NE,,,0
16073-14257,WR,Randall Cobb,10.58749962,16,7200,GB@JAC,GB,JAC,,,0
16073-31001,WR,Amari Cooper,11.04374981,16,7100,OAK@NO,OAK,NO,,,0
16073-25760,WR,Allen Hurns,12.87333374,15,7000,GB@JAC,JAC,GB,,,0
16073-21952,WR,Michael Floyd,9.793332926,15,6900,NE@ARI,ARI,NE,,,0
16073-11501,WR,Eric Decker,14.1799998,15,6900,CIN@NYJ,NYJ,CIN,,,0
16073-22031,WR,T.Y. Hilton,11.05624962,16,6800,DET@IND,IND,DET,,,0
16073-7283,WR,Jeremy Maclin,13.31333313,15,6800,SD@KC,KC,SD,,,0
16073-14626,WR,Doug Baldwin,14.36874962,16,6700,MIA@SEA,SEA,MIA,,,0
16073-6735,WR,Steve Smith Sr.,15.42857143,7,6700,BUF@BAL,BAL,BUF,,,0
16073-6739,WR,DeSean Jackson,9.977778117,9,6600,PIT@WAS,WAS,PIT,,,0
16073-31394,WR,Jarvis Landry,13.77250004,16,6600,MIA@SEA,MIA,SEA,,,0
16073-30837,WR,Jordan Matthews,11.76249981,16,6600,CLE@PHI,PHI,CLE,,,0
16073-54606,WR,John Brown,11.66666667,15,6500,NE@ARI,ARI,NE,,,0
16073-31732,WR,Corey Coleman,0,0,6500,CLE@PHI,CLE,PHI,,,0
16073-26458,WR,Tavon Austin,10.79374981,16,6400,LA@SF,LA,SF,,,0
16073-44449,WR,Willie Snead,9.92666626,15,6400,OAK@NO,NO,OAK,,,0
16073-14905,WR,Kamar Aiken,9.993749619,16,6300,BUF@BAL,BAL,BUF,,,0
16073-6774,WR,Pierre Garcon,9.356249809,16,6300,PIT@WAS,WAS,PIT,,,0
16073-25079,WR,Stefon Diggs,9.484615619,13,6300,MIN@TEN,MIN,TEN,,,0
16073-31561,WR,Donte Moncrief,8.831250191,16,6200,DET@IND,IND,DET,,,0
16073-27050,WR,Tyler Lockett,8.743749619,16,6200,MIA@SEA,SEA,MIA,,,0
16073-9392,WR,Michael Crabtree,11.79374981,16,6100,OAK@NO,OAK,NO,,,0
16073-8117,WR,Danny Amendola,8.274285453,14,6000,NE@ARI,NE,ARI,,,0
16073-11495,WR,Brandon LaFell,6.445454684,11,6000,CIN@NYJ,CIN,NYJ,,,0
16073-41806,WR,Laquon Treadwell,0,0,5900,MIN@TEN,MIN,TEN,,,0
16073-7953,WR,Vincent Jackson,9.080000305,10,5900,TB@ATL,TB,ATL,,,0
16073-6479,WR,Anquan Boldin,9.671428135,14,5800,DET@IND,DET,IND,,,0
16073-22018,WR,Mohamed Sanu,4.6875,16,5800,TB@ATL,ATL,TB,,,0
16073-12903,WR,Andrew Hawkins,5.137499809,8,5700,CLE@PHI,CLE,PHI,,,0
16073-22035,WR,Travis Benjamin,10.23750019,16,5600,SD@KC,SD,KC,,,0
16073-14288,WR,Torrey Smith,6.800000191,16,5600,LA@SF,SF,LA,,,0
16073-27477,WR,Sterling Shepard,0,0,5600,NYG@DAL,NYG,DAL,,,0
16073-40669,WR,Tyler Boyd,0,0,5600,CIN@NYJ,CIN,NYJ,,,0
16073-42028,WR,Will Fuller,0,0,5600,CHI@HOU,HOU,CHI,,,0
16073-22103,WR,Marvin Jones Jr.,8.837499619,16,5500,DET@IND,DET,IND,,,0
16073-29685,WR,Robert Woods,6.764285496,14,5500,BUF@BAL,BUF,BAL,,,0
16073-6607,WR,Mike Wallace,5.293333435,15,5400,BUF@BAL,BAL,BUF,,,0
16073-25813,WR,Phillip Dorsett,3.381818251,11,5400,DET@IND,IND,DET,,,0
16073-22219,WR,Jermaine Kearse,7.6875,16,5400,MIA@SEA,SEA,MIA,,,0
16073-29683,WR,Nelson Agholor,3.369230711,13,5400,CLE@PHI,PHI,CLE,,,0
16073-21999,WR,Rueben Randle,9.762499809,16,5300,CLE@PHI,PHI,CLE,,,0
16073-6535,WR,Kenny Britt,6.506249905,16,5300,LA@SF,LA,SF,,,0
16073-45889,WR,Davante Adams,6.253846389,13,5300,GB@JAC,GB,JAC,,,0
16073-31836,WR,Terrance Williams,8,16,5300,NYG@DAL,DAL,NYG,,,0
16073-11999,WR,Victor Cruz,0,0,5300,NYG@DAL,NYG,DAL,,,0
16073-54753,WR,Taylor Gabriel,3.174999873,12,5200,TB@ATL,ATL,TB,,,0
16073-22163,WR,Rishard Matthews,10.19090895,11,5200,MIN@TEN,TEN,MIN,,,0
16073-14307,WR,Cecil Shorts III,8.085454767,11,5200,TB@ATL,TB,ATL,,,0
16073-31241,WR,Sammie Coates,1.600000024,1,5200,PIT@WAS,PIT,WAS,,,0
16073-48344,WR,Albert Wilson,5.514285496,14,5200,SD@KC,KC,SD,,,0
16073-54741,WR,Seth Roberts,6,16,5100,OAK@NO,OAK,NO,,,0
16073-14645,WR,Dontrelle Inman,6.84166654,12,5100,SD@KC,SD,KC,,,0
16073-6768,WR,Eddie Royal,5.35555564,9,5100,CHI@HOU,CHI,HOU,,,0
16073-34154,WR,J.J. Nelson,5.044444614,9,5100,NE@ARI,ARI,NE,,,0
16073-14283,WR,Leonard Hankerson,9.100000109,7,5100,BUF@BAL,BUF,BAL,,,0
16073-24755,WR,Jamison Crowder,6.506249905,16,5100,PIT@WAS,WAS,PIT,,,0
16073-6610,WR,Nate Washington,8.71538485,13,5000,NE@ARI,NE,ARI,,,0
16073-22288,WR,Cole Beasley,6.599999905,16,5000,NYG@DAL,DAL,NYG,,,0
16073-6809,WR,Brian Hartline,7.275000254,12,5000,CLE@PHI,CLE,PHI,,,0
16073-27266,WR,Quincy Enunwa,3.863636364,11,5000,CIN@NYJ,NYJ,CIN,,,0
16073-24862,WR,Rashad Greene,4.088888804,9,5000,GB@JAC,JAC,GB,,,0
16073-33137,WR,Justin Hardy,3.32222218,9,4900,TB@ATL,ATL,TB,,,0
16073-15212,WR,Terrelle Pryor,2.299999952,2,4900,CLE@PHI,CLE,PHI,,,0
16073-39373,WR,Jaelen Strong,4.109999847,10,4900,CHI@HOU,HOU,CHI,,,0
16073-33552,WR,TJ Jones,2.189999962,10,4900,DET@IND,DET,IND,,,0
16073-62517,WR,Dezmin Lewis,0,1,4900,BUF@BAL,BUF,BAL,,,0
16073-6681,WR,Andre Johnson,5.925000191,16,4900,MIN@TEN,TEN,MIN,,,0
16073-22063,WR,Keshawn Martin,5.5,9,4900,NE@ARI,NE,ARI,,,0
16073-22054,WR,Jarius Wright,4.139999898,15,4900,MIN@TEN,MIN,TEN,,,0
16073-27457,WR,Kenny Stills,5.033333333,15,4900,MIA@SEA,MIA,SEA,,,0
16073-29351,WR,De'Anthony Thomas,3.590000153,10,4900,SD@KC,KC,SD,,,0
16073-27134,WR,Dorial Green-Beckham,6.92142868,14,4900,CLE@PHI,PHI,CLE,,,0
16073-21972,WR,Brian Quick,1.688888868,9,4800,LA@SF,LA,SF,,,0
16073-26610,WR,Paul Richardson,4.5,1,4800,MIA@SEA,SEA,MIA,,,0
16073-14761,WR,Andre Holmes,3.930769113,13,4800,OAK@NO,OAK,NO,,,0
16073-39427,WR,Quinton Patton,3.806250095,16,4800,LA@SF,SF,LA,,,0
16073-47523,WR,Tajae Sharpe,0,0,4800,MIN@TEN,TEN,MIN,,,0
16073-26094,WR,Brandon Coleman,4.525000095,16,4800,OAK@NO,NO,OAK,,,0
16073-14358,WR,Dwayne Harris,6.320000203,15,4800,NYG@DAL,NYG,DAL,,,0
16073-29593,WR,Marqise Lee,4.044444614,9,4800,GB@JAC,JAC,GB,,,0
16073-34295,WR,Breshad Perriman,0,0,4800,BUF@BAL,BAL,BUF,,,0
16073-24589,WR,Jaron Brown,2.35454542,11,4800,NE@ARI,ARI,NE,,,0
16073-9442,WR,Brandon Tate,0.859999975,15,4800,BUF@BAL,BUF,BAL,,,0
16073-33037,WR,Kenbrell Thompkins,4.166666667,6,4700,CIN@NYJ,NYJ,CIN,,,0
16073-39445,WR,Brice Butler,6.359999847,5,4700,NYG@DAL,DAL,NYG,,,0
16073-6904,WR,Devin Hester,0,5,4700,BUF@BAL,BAL,BUF,,,0
16073-22034,WR,Chris Givens,3.792857034,14,4700,CLE@PHI,PHI,CLE,,,0
16073-14349,WR,Jeremy Kerley,2.346666718,15,4700,LA@SF,SF,LA,,,0
16073-27343,WR,Kenny Bell,0,0,4700,TB@ATL,TB,ATL,,,0
16073-10030,WR,Harry Douglas,4.892857143,14,4700,MIN@TEN,TEN,MIN,,,0
16073-31308,WR,Quan Bray,0,9,4700,DET@IND,IND,DET,,,0
16073-29340,WR,Josh Huff,4.478571483,14,4700,CLE@PHI,PHI,CLE,,,0
16073-28933,WR,Jared Abbrederis,2.228571483,7,4700,GB@JAC,GB,JAC,,,0
16073-30403,WR,Chris Conley,3.822222392,9,4600,SD@KC,KC,SD,,,0
16073-32483,WR,Josh Boyce,0,0,4600,CLE@PHI,CLE,PHI,,,0
16073-14837,WR,Jeremy Ross,0.681818182,11,4600,CIN@NYJ,NYJ,CIN,,,0
16073-22447,WR,Griff Whalen,3.555555556,9,4600,MIA@SEA,MIA,SEA,,,0
16073-33703,WR,Ryan Grant,4.191666603,12,4600,PIT@WAS,WAS,PIT,,,0
16073-27847,WR,Shane Wynn,0,0,4600,GB@JAC,JAC,GB,,,0
16073-41398,WR,Mario Alford,2,1,4600,CIN@NYJ,CIN,NYJ,,,0
16073-29821,WR,Jordan Payton,0,0,4600,CLE@PHI,CLE,PHI,,,0
16073-34071,WR,Nick Williams,3.309091048,11,4600,TB@ATL,ATL,TB,,,0
16073-14297,WR,Greg Salas,5.599999905,1,4600,BUF@BAL,BUF,BAL,,,0
16073-24772,WR,Issac Blakeney,0,0,4600,PIT@WAS,PIT,WAS,,,0
16073-44493,WR,Jordan Williams-Lambert,0,0,4600,OAK@NO,NO,OAK,,,0
16073-29084,WR,Rashad Ross,2.646153964,13,4600,PIT@WAS,WAS,PIT,,,0
16073-30775,WR,Justin Hunter,4.822222392,9,4600,MIA@SEA,MIA,SEA,,,0
16073-30733,WR,Cordarrelle Patterson,0.964285714,14,4600,MIN@TEN,MIN,TEN,,,0
16073-7703,WR,Jerome Simpson,2.779999924,5,4600,LA@SF,SF,LA,,,0
16073-22002,WR,T.J. Graham,1.466666698,3,4500,CLE@PHI,PHI,CLE,,,0
16073-33047,WR,Chris Moore,0,0,4500,BUF@BAL,BAL,BUF,,,0
16073-52560,WR,Geronimo Allison,0,0,4500,GB@JAC,GB,JAC,,,0
16073-30605,WR,K.J. Brent,0,0,4500,OAK@NO,OAK,NO,,,0
16073-70444,WR,Paul McRoberts,0,0,4500,LA@SF,LA,SF,,,0
16073-70454,WR,Jace Billingsley,0,0,4500,DET@IND,DET,IND,,,0
16073-70467,WR,Andy Jones,0,0,4500,NYG@DAL,DAL,NYG,,,0
16073-70468,WR,Ed Eagan,0,0,4500,CLE@PHI,CLE,PHI,,,0
16073-70486,WR,Chris Hubert,0,0,4500,NE@ARI,ARI,NE,,,0
16073-28246,WR,Isaac Fruechte,0,0,4500,DET@IND,DET,IND,,,0
16073-6622,WR,Eric Weems,0.166666667,12,4500,TB@ATL,ATL,TB,,,0
16073-32632,WR,Bradley Marquez,1.530000019,10,4500,LA@SF,LA,SF,,,0
16073-28226,WR,Aaron Burbridge,0,0,4500,LA@SF,SF,LA,,,0
16073-70555,WR,Ben Roberts,0,0,4500,MIN@TEN,TEN,MIN,,,0
16073-70553,WR,Kieran Duncan,0,0,4500,CHI@HOU,CHI,HOU,,,0
16073-45791,WR,Rashard Higgins,0,0,4500,CLE@PHI,CLE,PHI,,,0
16073-41964,WR,Vince Mayle,0,1,4500,NYG@DAL,DAL,NYG,,,0
16073-47720,WR,Chandler Worthy,0.966666698,3,4500,CIN@NYJ,NYJ,CIN,,,0
16073-41922,WR,Johnny Holton,0,0,4500,OAK@NO,OAK,NO,,,0
16073-32703,WR,Jakeem Grant,0,0,4500,MIA@SEA,MIA,SEA,,,0
16073-45821,WR,Isaiah Burse,0,0,4500,SD@KC,SD,KC,,,0
16073-33244,WR,Eli Rogers,0,0,4500,PIT@WAS,PIT,WAS,,,0
16073-43826,WR,Tommylee Lewis,0,0,4500,OAK@NO,NO,OAK,,,0
16073-54280,WR,Duke Williams,0,0,4500,LA@SF,LA,SF,,,0
16073-70630,WR,Jarvis Turner,0,0,4500,PIT@WAS,WAS,PIT,,,0
16073-6488,WR,Dwayne Bowe,1.114285742,7,4500,CLE@PHI,CLE,PHI,,,0
16073-32287,WR,Cayleb Jones,0,0,4500,CLE@PHI,PHI,CLE,,,0
16073-32263,WR,Jaxon Shipley,0,0,4500,NE@ARI,ARI,NE,,,0
16073-32804,WR,Dres Anderson,0,0,4500,LA@SF,SF,LA,,,0
16073-28525,WR,Braxton Miller,0,0,4500,CHI@HOU,HOU,CHI,,,0
16073-30414,WR,Michael Bennett,0,0,4500,CIN@NYJ,CIN,NYJ,,,0
16073-30412,WR,Tavarres King,0,0,4500,NYG@DAL,NYG,DAL,,,0
16073-54690,WR,Freddie Martino,0,0,4500,TB@ATL,TB,ATL,,,0
16073-54674,WR,Jeremy Butler,6.474999905,8,4500,TB@ATL,TB,ATL,,,0
16073-54659,WR,Tony Washington,0.800000012,1,4500,GB@JAC,JAC,GB,,,0
16073-32918,WR,Jordan Leslie,0,0,4500,TB@ATL,ATL,TB,,,0
16073-47953,WR,Lucky Whitehead,1.108333349,12,4500,NYG@DAL,DAL,NYG,,,0
16073-30228,WR,Tyler Murphy,2.099999905,1,4500,MIA@SEA,MIA,SEA,,,0
16073-30249,WR,Frankie Hammond Jr.,-0.4,5,4500,SD@KC,KC,SD,,,0
16073-30250,WR,Quinton Dunbar,0,11,4500,PIT@WAS,WAS,PIT,,,0
16073-54617,WR,Matt Hazel,0,1,4500,BUF@BAL,BUF,BAL,,,0
16073-54621,WR,Walt Powell,0,2,4500,BUF@BAL,BUF,BAL,,,0
16073-28561,WR,Evan Spencer,0,1,4500,TB@ATL,TB,ATL,,,0
16073-68366,WR,Jamel Johnson,0,0,4500,GB@JAC,GB,JAC,,,0
16073-41639,WR,DeAndre Smelter,0,0,4500,LA@SF,SF,LA,,,0
16073-72266,WR,Montario Hunter,0,0,4500,MIA@SEA,SEA,MIA,,,0
16073-72267,WR,Franky Okafor,0,0,4500,NE@ARI,ARI,NE,,,0
16073-70341,WR,Moritz Boehringer,0,0,4500,MIN@TEN,MIN,TEN,,,0
16073-30309,WR,Valdez Showers,0,0,4500,PIT@WAS,WAS,PIT,,,0
16073-45165,WR,Donte Foster,0,0,4500,MIN@TEN,TEN,MIN,,,0
16073-62628,WR,DeAndre Carter,0,0,4500,NE@ARI,NE,ARI,,,0
16073-27671,WR,Jake Kumerow,0,0,4500,CIN@NYJ,CIN,NYJ,,,0
16073-72109,WR,Rashaun Simonise,0,0,4500,CIN@NYJ,CIN,NYJ,,,0
16073-62600,WR,Joshua Stangby,0,0,4500,DET@IND,IND,DET,,,0
16073-25789,WR,Rashawn Scott,0,0,4500,MIA@SEA,MIA,SEA,,,0
16073-62611,WR,Reggie Bell,0,0,4500,OAK@NO,NO,OAK,,,0
16073-62718,WR,Daniel Brown,2.349999905,4,4500,BUF@BAL,BAL,BUF,,,0
16073-72147,WR,Dobson Collins,0,0,4500,BUF@BAL,BAL,BUF,,,0
16073-25836,WR,Herb Waters,0,0,4500,GB@JAC,GB,JAC,,,0
16073-62680,WR,Donteea Dye,2.470000076,10,4500,TB@ATL,TB,ATL,,,0
16073-30012,WR,Kevin Smith,1.933333397,3,4500,MIA@SEA,SEA,MIA,,,0
16073-30004,WR,Kasen Williams,1.799999952,1,4500,MIA@SEA,SEA,MIA,,,0
16073-54863,WR,C.J. Goodwin,0,0,4500,TB@ATL,ATL,TB,,,0
16073-62519,WR,Tre McBride,1.433333397,6,4500,MIN@TEN,TEN,MIN,,,0
16073-62524,WR,Rasheed Bailey,0,0,4500,SD@KC,SD,KC,,,0
16073-29985,WR,Jaydon Mickens,0,0,4500,OAK@NO,OAK,NO,,,0
16073-29974,WR,Jamaal Jones,0,0,4500,SD@KC,SD,KC,,,0
16073-45278,WR,Bernard Reedy,0,0,4500,TB@ATL,TB,ATL,,,0
16073-30069,WR,Dominique Williams,0,0,4500,SD@KC,SD,KC,,,0
16073-62535,WR,Tyrell Williams,8,2,4500,SD@KC,SD,KC,,,0
16073-62538,WR,Cameron Meredith,2.5,7,4500,CHI@HOU,CHI,HOU,,,0
16073-62550,WR,R.J. Harris,0,0,4500,OAK@NO,NO,OAK,,,0
16073-33733,WR,Xavier Rush,0,0,4500,CLE@PHI,PHI,CLE,,,0
16073-22311,WR,Jarrett Boykin,0,0,4500,BUF@BAL,BUF,BAL,,,0
16073-29869,WR,Devin Lucien,0,0,4500,NE@ARI,NE,ARI,,,0
16073-31788,WR,Antwan Goodley,0,0,4500,MIA@SEA,SEA,MIA,,,0
16073-29830,WR,Shaq Evans,0,0,4500,GB@JAC,JAC,GB,,,0
16073-26045,WR,Leonte Carroo,0,0,4500,MIA@SEA,MIA,SEA,,,0
16073-31748,WR,Levi Norwood,0,0,4500,PIT@WAS,PIT,WAS,,,0
16073-39887,WR,Myles White,2.033333249,9,4500,CIN@NYJ,NYJ,CIN,,,0
16073-33403,WR,Tevin Jones,0,0,4500,CHI@HOU,HOU,CHI,,,0
16073-29949,WR,Marvin Hall,0,0,4500,OAK@NO,OAK,NO,,,0
16073-45343,WR,Daniel Braverman,0,0,4500,CHI@HOU,CHI,HOU,,,0
16073-47501,WR,Marken Michel,0,0,4500,MIN@TEN,MIN,TEN,,,0
16073-22198,WR,Brittan Golden,0.25,4,4500,NE@ARI,ARI,NE,,,0
16073-6884,WR,Hakeem Nicks,1.48333327,6,4500,OAK@NO,NO,OAK,,,0
16073-25886,WR,Devin Street,1.889999962,10,4500,NE@ARI,NE,ARI,,,0
16073-29734,WR,Ty Montgomery,5.75,6,4500,GB@JAC,GB,JAC,,,0
16073-39716,WR,Adam Thielen,2.929999924,10,4500,MIN@TEN,MIN,TEN,,,0
16073-14372,WR,Aldrick Robinson,0,0,4500,TB@ATL,ATL,TB,,,0
16073-29814,WR,Devon Cajuste,0,0,4500,GB@JAC,GB,JAC,,,0
16073-28131,WR,Keith Mumphery,1.421428544,14,4500,CHI@HOU,HOU,CHI,,,0
16073-33473,WR,Chris Brown,0,0,4500,NYG@DAL,DAL,NYG,,,0
16073-6753,WR,Andre Caldwell,2.041666667,12,4500,DET@IND,DET,IND,,,0
16073-34125,WR,Geremy Davis,0.774999976,4,4500,NYG@DAL,NYG,DAL,,,0
16073-34051,WR,Deshon Foxx,0,0,4500,MIA@SEA,SEA,MIA,,,0
16073-25225,WR,Quinshad Davis,0,0,4500,DET@IND,DET,IND,,,0
16073-31524,WR,Cody Core,0,0,4500,CIN@NYJ,CIN,NYJ,,,0
16073-64046,WR,Ed Williams,0,0,4500,GB@JAC,GB,JAC,,,0
16073-25232,WR,T.J. Thorpe,0,0,4500,PIT@WAS,WAS,PIT,,,0
16073-22938,WR,Rod Streater,1.299999952,1,4500,LA@SF,SF,LA,,,0
16073-29549,WR,Richard Mullaney,0,0,4500,NYG@DAL,DAL,NYG,,,0
16073-14253,WR,Greg Little,0,0,4500,BUF@BAL,BUF,BAL,,,0
16073-11890,WR,Bryan Walters,5.345454476,11,4500,GB@JAC,JAC,GB,,,0
16073-25135,WR,Marcus Leak,0,0,4500,DET@IND,IND,DET,,,0
16073-14277,WR,Vincent Brown,2.700000048,1,4500,OAK@NO,NO,OAK,,,0
16073-60305,WR,Douglas McNeil III,0,0,4500,MIA@SEA,SEA,MIA,,,0
16073-40430,WR,Demarcus Ayers,0,0,4500,PIT@WAS,PIT,WAS,,,0
16073-38264,WR,Demarcus Robinson,0,0,4500,SD@KC,KC,SD,,,0
16073-31329,WR,Russell Shepard,1.471428599,7,4500,TB@ATL,TB,ATL,,,0
16073-55577,WR,Hunter Sharp,0,0,4500,CLE@PHI,PHI,CLE,,,0
16073-44678,WR,Titus Davis,0,0,4500,CIN@NYJ,NYJ,CIN,,,0
16073-31263,WR,Ricardo Louis,0,0,4500,CLE@PHI,CLE,PHI,,,0
16073-25513,WR,Darius Jennings,6.233333588,3,4500,CLE@PHI,CLE,PHI,,,0
16073-40296,WR,Damond Powell,0,0,4500,NE@ARI,ARI,NE,,,0
16073-34014,WR,Aaron Dobson,3.433333397,6,4500,NE@ARI,NE,ARI,,,0
16073-53532,WR,Roger Lewis,0,0,4500,NYG@DAL,NYG,DAL,,,0
16073-55694,WR,Mike Thomas,0,0,4500,LA@SF,LA,SF,,,0
16073-34042,WR,Shakim Phillips,0,0,4500,PIT@WAS,PIT,WAS,,,0
16073-33931,WR,DeAndre Reaves,0,0,4500,SD@KC,SD,KC,,,0
16073-31378,WR,Kadron Boone,0,0,4500,NYG@DAL,NYG,DAL,,,0
16073-22763,WR,Nathan Palmer,0,0,4500,OAK@NO,OAK,NO,,,0
16073-29201,WR,Maurice Harris,0,0,4500,PIT@WAS,WAS,PIT,,,0
16073-22767,WR,Brian Tyms,0,0,4500,DET@IND,IND,DET,,,0
16073-29205,WR,Kenny Lawler,0,0,4500,MIA@SEA,SEA,MIA,,,0
16073-31417,WR,James Wright,0,0,4500,CIN@NYJ,CIN,NYJ,,,0
16073-22746,WR,Kashif Moore,0,0,4500,SD@KC,KC,SD,,,0
16073-29237,WR,Chris Harper,-0.299999992,3,4500,LA@SF,SF,LA,,,0
16073-61666,WR,Jared Dangerfield,0,0,4500,OAK@NO,NO,OAK,,,0
16073-26715,WR,Josh Lenz,0,0,4500,CHI@HOU,HOU,CHI,,,0
16073-46121,WR,Marquis Bundy,0,0,4500,NE@ARI,ARI,NE,,,0
16073-31015,WR,DeAndrew White,1.399999976,2,4500,LA@SF,SF,LA,,,0
16073-24718,WR,Max McCaffrey,0,0,4500,OAK@NO,OAK,NO,,,0
16073-11504,WR,Andre Roberts,3.125,8,4500,DET@IND,DET,IND,,,0
16073-24671,WR,Adam Humphries,4.136363636,11,4500,TB@ATL,TB,ATL,,,0
16073-31191,WR,Mekale McKay,0,0,4500,DET@IND,IND,DET,,,0
16073-24621,WR,Charone Peake,0,0,4500,CIN@NYJ,NYJ,CIN,,,0
16073-28907,WR,Alex Erickson,0,0,4500,CIN@NYJ,CIN,NYJ,,,0
16073-30841,WR,Jonathan Krause,1.049999952,2,4500,SD@KC,SD,KC,,,0
16073-63858,WR,A.J. Cruz,0,0,4500,MIA@SEA,MIA,SEA,,,0
16073-11723,WR,Marlon Moore,2.200000048,8,4500,CLE@PHI,CLE,PHI,,,0
16073-7856,WR,Matthew Slater,0,1,4500,NE@ARI,NE,ARI,,,0
16073-7784,WR,Darrius Heyward-Bey,4.900000139,11,4500,PIT@WAS,PIT,WAS,,,0
16073-28735,WR,Daniel Anthrop,0,0,4500,DET@IND,IND,DET,,,0
16073-11629,WR,Kyle Williams,0,0,4500,CIN@NYJ,NYJ,CIN,,,0
16073-11635,WR,Marc Mariani,2.4375,16,4500,MIN@TEN,TEN,MIN,,,0